"HIT_scenarioID","HIT_healthclaim","HIT_likes","HIT_shares","HIT_profilepic","HIT_profession"

"79","Yoghurt helps you build resistance to common diseases, because it contains probiotics","5700","0","CFD-BF-202-109-N.jpg","Professor"
"611","Yoghurt helps reduce food intake without feeling hungry, because it contains added fibres","5700","30","CFD-AF-238-185-N.jpg","Cook"
"378","Yoghurt keeps you active and going for longer, because it contains slow-release carbohydrates","5700","3600","CFD-AF-223-183-N.jpg","Nurse"
"622","Yoghurt helps reduce food intake without feeling hungry, because it contains added fibres","0","0","CFD-AM-239-147-N.jpg","Nurse"
"534","Yoghurt helps reduce food intake without feeling hungry, because it contains added fibres","0","3600","CFD-BF-251-211-N.jpg","Cook"
"499","Yoghurt helps reduce food intake without feeling hungry, because it contains added fibres","57","0","CFD-WM-248-036-N.jpg","Cook"
"241","Yoghurt keeps you active and going for longer, because it contains slow-release carbohydrates","5700","0","CFD-WF-237-067-N.jpg","Social Media Health Influencer"
"527","Yoghurt helps reduce food intake without feeling hungry, because it contains added fibres","57","30","CFD-BF-228-212-N.jpg","Social Media Health Influencer"
"81","Yoghurt helps you build resistance to common diseases, because it contains probiotics","5700","3600","CFD-BF-202-109-N.jpg","Professor"
"315","Yoghurt keeps you active and going for longer, because it contains slow-release carbohydrates","5700","3600","CFD-BF-228-212-N.jpg","Social Media Health Influencer"
"496","Yoghurt helps reduce food intake without feeling hungry, because it contains added fibres","0","0","CFD-WM-248-036-N.jpg","Cook"
"540","Yoghurt helps reduce food intake without feeling hungry, because it contains added fibres","5700","3600","CFD-BF-251-211-N.jpg","Cook"
"620","Yoghurt helps reduce food intake without feeling hungry, because it contains added fibres","5700","30","CFD-AM-219-101-N.jpg","Professor"
"283","Yoghurt keeps you active and going for longer, because it contains slow-release carbohydrates","57","0","CFD-WM-248-036-N.jpg","Cook"
"359","Yoghurt keeps you active and going for longer, because it contains slow-release carbohydrates","5700","30","CFD-BM-230-232-N.jpg","Cook"
"382","Yoghurt keeps you active and going for longer, because it contains slow-release carbohydrates","57","0","CFD-AF-236-145-N.jpg","Social Media Health Influencer"
"172","Yoghurt helps you build resistance to common diseases, because it contains probiotics","0","0","CFD-AF-238-185-N.jpg","Cook"
"91","Yoghurt helps you build resistance to common diseases, because it contains probiotics","0","0","CFD-BF-228-212-N.jpg","Social Media Health Influencer"
"169","Yoghurt helps you build resistance to common diseases, because it contains probiotics","5700","0","CFD-AF-236-145-N.jpg","Social Media Health Influencer"
"156","Yoghurt helps you build resistance to common diseases, because it contains probiotics","0","3600","CFD-AF-223-183-N.jpg","Nurse"
"422","Yoghurt keeps you active and going for longer, because it contains slow-release carbohydrates","5700","30","CFD-AM-247-165-N.jpg","Social Media Health Influencer"
"444","Yoghurt helps reduce food intake without feeling hungry, because it contains added fibres","0","3600","CFD-WF-221-005-N.jpg","Nurse"
"600","Yoghurt helps reduce food intake without feeling hungry, because it contains added fibres","57","3600","CFD-AF-236-145-N.jpg","Social Media Health Influencer"
"273","Yoghurt keeps you active and going for longer, because it contains slow-release carbohydrates","0","3600","CFD-WM-221-091-N.jpg","Social Media Health Influencer"
"232","Yoghurt keeps you active and going for longer, because it contains slow-release carbohydrates","5700","0","CFD-WF-221-005-N.jpg","Nurse"
"257","Yoghurt keeps you active and going for longer, because it contains slow-release carbohydrates","57","30","CFD-WM-258-125-N.jpg","Professor"
"505","Yoghurt helps reduce food intake without feeling hungry, because it contains added fibres","0","0","CFD-BF-202-109-N.jpg","Professor"
"41","Yoghurt helps you build resistance to common diseases, because it contains probiotics","57","30","CFD-WM-258-125-N.jpg","Professor"
"461","Yoghurt helps reduce food intake without feeling hungry, because it contains added fibres","0","30","CFD-WF-245-084-N.jpg","Cook"
"584","Yoghurt helps reduce food intake without feeling hungry, because it contains added fibres","5700","30","CFD-AF-213-126-N.jpg","Professor"
"551","Yoghurt helps reduce food intake without feeling hungry, because it contains added fibres","0","30","CFD-BM-252-161-N.jpg","Nurse"
"342","Yoghurt keeps you active and going for longer, because it contains slow-release carbohydrates","5700","3600","CFD-BM-252-161-N.jpg","Nurse"
"430","Yoghurt keeps you active and going for longer, because it contains slow-release carbohydrates","5700","0","CFD-AM-241-287-N.jpg","Cook"
"458","Yoghurt helps reduce food intake without feeling hungry, because it contains added fibres","5700","30","CFD-WF-237-067-N.jpg","Social Media Health Influencer"
"538","Yoghurt helps reduce food intake without feeling hungry, because it contains added fibres","5700","0","CFD-BF-251-211-N.jpg","Cook"
"569","Yoghurt helps reduce food intake without feeling hungry, because it contains added fibres","0","30","CFD-BM-230-232-N.jpg","Cook"
"219","Yoghurt keeps you active and going for longer, because it contains slow-release carbohydrates","0","3600","CFD-WF-246-087-N.jpg","Professor"
"521","Yoghurt helps reduce food intake without feeling hungry, because it contains added fibres","5700","30","CFD-BF-224-002-N.jpg","Nurse"
"393","Yoghurt keeps you active and going for longer, because it contains slow-release carbohydrates","57","3600","CFD-AF-238-185-N.jpg","Cook"
"561","Yoghurt helps reduce food intake without feeling hungry, because it contains added fibres","0","3600","CFD-BM-222-173-N.jpg","Social Media Health Influencer"
"298","Yoghurt keeps you active and going for longer, because it contains slow-release carbohydrates","0","0","CFD-BF-224-002-N.jpg","Nurse"
"556","Yoghurt helps reduce food intake without feeling hungry, because it contains added fibres","5700","0","CFD-BM-252-161-N.jpg","Nurse"
"89","Yoghurt helps you build resistance to common diseases, because it contains probiotics","5700","30","CFD-BF-224-002-N.jpg","Nurse"
"395","Yoghurt keeps you active and going for longer, because it contains slow-release carbohydrates","5700","30","CFD-AF-238-185-N.jpg","Cook"
"493","Yoghurt helps reduce food intake without feeling hungry, because it contains added fibres","5700","0","CFD-WM-221-091-N.jpg","Social Media Health Influencer"
"345","Yoghurt keeps you active and going for longer, because it contains slow-release carbohydrates","0","3600","CFD-BM-222-173-N.jpg","Social Media Health Influencer"
"108","Yoghurt helps you build resistance to common diseases, because it contains probiotics","5700","3600","CFD-BF-251-211-N.jpg","Cook"
"121","Yoghurt helps you build resistance to common diseases, because it contains probiotics","57","0","CFD-BM-252-161-N.jpg","Nurse"
"344","Yoghurt keeps you active and going for longer, because it contains slow-release carbohydrates","0","30","CFD-BM-222-173-N.jpg","Social Media Health Influencer"
"598","Yoghurt helps reduce food intake without feeling hungry, because it contains added fibres","57","0","CFD-AF-236-145-N.jpg","Social Media Health Influencer"
"390","Yoghurt keeps you active and going for longer, because it contains slow-release carbohydrates","0","3600","CFD-AF-238-185-N.jpg","Cook"
"62","Yoghurt helps you build resistance to common diseases, because it contains probiotics","5700","30","CFD-WM-221-091-N.jpg","Social Media Health Influencer"
"586","Yoghurt helps reduce food intake without feeling hungry, because it contains added fibres","0","0","CFD-AF-223-183-N.jpg","Nurse"
"243","Yoghurt keeps you active and going for longer, because it contains slow-release carbohydrates","5700","3600","CFD-WF-237-067-N.jpg","Social Media Health Influencer"
"495","Yoghurt helps reduce food intake without feeling hungry, because it contains added fibres","5700","3600","CFD-WM-221-091-N.jpg","Social Media Health Influencer"
"608","Yoghurt helps reduce food intake without feeling hungry, because it contains added fibres","57","30","CFD-AF-238-185-N.jpg","Cook"
"69","Yoghurt helps you build resistance to common diseases, because it contains probiotics","57","3600","CFD-WM-248-036-N.jpg","Cook"
"509","Yoghurt helps reduce food intake without feeling hungry, because it contains added fibres","57","30","CFD-BF-202-109-N.jpg","Professor"
"481","Yoghurt helps reduce food intake without feeling hungry, because it contains added fibres","57","0","CFD-WM-204-031-N.jpg","Nurse"
"198","Yoghurt helps you build resistance to common diseases, because it contains probiotics","5700","3600","CFD-AM-239-147-N.jpg","Nurse"
"625","Yoghurt helps reduce food intake without feeling hungry, because it contains added fibres","57","0","CFD-AM-239-147-N.jpg","Nurse"
"606","Yoghurt helps reduce food intake without feeling hungry, because it contains added fibres","0","3600","CFD-AF-238-185-N.jpg","Cook"
"548","Yoghurt helps reduce food intake without feeling hungry, because it contains added fibres","5700","30","CFD-BM-033-003-N.jpg","Professor"
"629","Yoghurt helps reduce food intake without feeling hungry, because it contains added fibres","5700","30","CFD-AM-239-147-N.jpg","Nurse"
"280","Yoghurt keeps you active and going for longer, because it contains slow-release carbohydrates","0","0","CFD-WM-248-036-N.jpg","Cook"
"562","Yoghurt helps reduce food intake without feeling hungry, because it contains added fibres","57","0","CFD-BM-222-173-N.jpg","Social Media Health Influencer"
"633","Yoghurt helps reduce food intake without feeling hungry, because it contains added fibres","0","3600","CFD-AM-247-165-N.jpg","Social Media Health Influencer"
"397","Yoghurt keeps you active and going for longer, because it contains slow-release carbohydrates","0","0","CFD-AM-219-101-N.jpg","Professor"
"33","Yoghurt helps you build resistance to common diseases, because it contains probiotics","57","3600","CFD-WF-245-084-N.jpg","Cook"
"287","Yoghurt keeps you active and going for longer, because it contains slow-release carbohydrates","5700","30","CFD-WM-248-036-N.jpg","Cook"
"409","Yoghurt keeps you active and going for longer, because it contains slow-release carbohydrates","57","0","CFD-AM-239-147-N.jpg","Nurse"
"566","Yoghurt helps reduce food intake without feeling hungry, because it contains added fibres","5700","30","CFD-BM-222-173-N.jpg","Social Media Health Influencer"
"358","Yoghurt keeps you active and going for longer, because it contains slow-release carbohydrates","5700","0","CFD-BM-230-232-N.jpg","Cook"
"470","Yoghurt helps reduce food intake without feeling hungry, because it contains added fibres","0","30","CFD-WM-258-125-N.jpg","Professor"
"640","Yoghurt helps reduce food intake without feeling hungry, because it contains added fibres","0","0","CFD-AM-241-287-N.jpg","Cook"
"134","Yoghurt helps you build resistance to common diseases, because it contains probiotics","5700","30","CFD-BM-222-173-N.jpg","Social Media Health Influencer"
"196","Yoghurt helps you build resistance to common diseases, because it contains probiotics","5700","0","CFD-AM-239-147-N.jpg","Nurse"
"155","Yoghurt helps you build resistance to common diseases, because it contains probiotics","0","30","CFD-AF-223-183-N.jpg","Nurse"
"504","Yoghurt helps reduce food intake without feeling hungry, because it contains added fibres","5700","3600","CFD-WM-248-036-N.jpg","Cook"
"70","Yoghurt helps you build resistance to common diseases, because it contains probiotics","5700","0","CFD-WM-248-036-N.jpg","Cook"
"246","Yoghurt keeps you active and going for longer, because it contains slow-release carbohydrates","0","3600","CFD-WF-245-084-N.jpg","Cook"
"92","Yoghurt helps you build resistance to common diseases, because it contains probiotics","0","30","CFD-BF-228-212-N.jpg","Social Media Health Influencer"
"9","Yoghurt helps you build resistance to common diseases, because it contains probiotics","5700","3600","CFD-WF-246-087-N.jpg","Professor"
"476","Yoghurt helps reduce food intake without feeling hungry, because it contains added fibres","5700","30","CFD-WM-258-125-N.jpg","Professor"
"326","Yoghurt keeps you active and going for longer, because it contains slow-release carbohydrates","0","30","CFD-BM-033-003-N.jpg","Professor"
"386","Yoghurt keeps you active and going for longer, because it contains slow-release carbohydrates","5700","30","CFD-AF-236-145-N.jpg","Social Media Health Influencer"
"594","Yoghurt helps reduce food intake without feeling hungry, because it contains added fibres","5700","3600","CFD-AF-223-183-N.jpg","Nurse"
"140","Yoghurt helps you build resistance to common diseases, because it contains probiotics","57","30","CFD-BM-230-232-N.jpg","Cook"
"10","Yoghurt helps you build resistance to common diseases, because it contains probiotics","0","0","CFD-WF-221-005-N.jpg","Nurse"
"579","Yoghurt helps reduce food intake without feeling hungry, because it contains added fibres","0","3600","CFD-AF-213-126-N.jpg","Professor"
"74","Yoghurt helps you build resistance to common diseases, because it contains probiotics","0","30","CFD-BF-202-109-N.jpg","Professor"
"17","Yoghurt helps you build resistance to common diseases, because it contains probiotics","5700","30","CFD-WF-221-005-N.jpg","Nurse"
"333","Yoghurt keeps you active and going for longer, because it contains slow-release carbohydrates","5700","3600","CFD-BM-033-003-N.jpg","Professor"
"165","Yoghurt helps you build resistance to common diseases, because it contains probiotics","0","3600","CFD-AF-236-145-N.jpg","Social Media Health Influencer"
"369","Yoghurt keeps you active and going for longer, because it contains slow-release carbohydrates","5700","3600","CFD-AF-213-126-N.jpg","Professor"
"432","Yoghurt keeps you active and going for longer, because it contains slow-release carbohydrates","5700","3600","CFD-AM-241-287-N.jpg","Cook"
"14","Yoghurt helps you build resistance to common diseases, because it contains probiotics","57","30","CFD-WF-221-005-N.jpg","Nurse"
"301","Yoghurt keeps you active and going for longer, because it contains slow-release carbohydrates","57","0","CFD-BF-224-002-N.jpg","Nurse"
"261","Yoghurt keeps you active and going for longer, because it contains slow-release carbohydrates","5700","3600","CFD-WM-258-125-N.jpg","Professor"
"434","Yoghurt helps reduce food intake without feeling hungry, because it contains added fibres","0","30","CFD-WF-246-087-N.jpg","Professor"
"12","Yoghurt helps you build resistance to common diseases, because it contains probiotics","0","3600","CFD-WF-221-005-N.jpg","Nurse"
"420","Yoghurt keeps you active and going for longer, because it contains slow-release carbohydrates","57","3600","CFD-AM-247-165-N.jpg","Social Media Health Influencer"
"146","Yoghurt helps you build resistance to common diseases, because it contains probiotics","0","30","CFD-AF-213-126-N.jpg","Professor"
"4","Yoghurt helps you build resistance to common diseases, because it contains probiotics","57","0","CFD-WF-246-087-N.jpg","Professor"
"22","Yoghurt helps you build resistance to common diseases, because it contains probiotics","57","0","CFD-WF-237-067-N.jpg","Social Media Health Influencer"
"518","Yoghurt helps reduce food intake without feeling hungry, because it contains added fibres","57","30","CFD-BF-224-002-N.jpg","Nurse"
"24","Yoghurt helps you build resistance to common diseases, because it contains probiotics","57","3600","CFD-WF-237-067-N.jpg","Social Media Health Influencer"
"372","Yoghurt keeps you active and going for longer, because it contains slow-release carbohydrates","0","3600","CFD-AF-223-183-N.jpg","Nurse"
"585","Yoghurt helps reduce food intake without feeling hungry, because it contains added fibres","5700","3600","CFD-AF-213-126-N.jpg","Professor"
"204","Yoghurt helps you build resistance to common diseases, because it contains probiotics","57","3600","CFD-AM-247-165-N.jpg","Social Media Health Influencer"
"460","Yoghurt helps reduce food intake without feeling hungry, because it contains added fibres","0","0","CFD-WF-245-084-N.jpg","Cook"
"67","Yoghurt helps you build resistance to common diseases, because it contains probiotics","57","0","CFD-WM-248-036-N.jpg","Cook"
"251","Yoghurt keeps you active and going for longer, because it contains slow-release carbohydrates","5700","30","CFD-WF-245-084-N.jpg","Cook"
"602","Yoghurt helps reduce food intake without feeling hungry, because it contains added fibres","5700","30","CFD-AF-236-145-N.jpg","Social Media Health Influencer"
"104","Yoghurt helps you build resistance to common diseases, because it contains probiotics","57","30","CFD-BF-251-211-N.jpg","Cook"
"189","Yoghurt helps you build resistance to common diseases, because it contains probiotics","5700","3600","CFD-AM-219-101-N.jpg","Professor"
"362","Yoghurt keeps you active and going for longer, because it contains slow-release carbohydrates","0","30","CFD-AF-213-126-N.jpg","Professor"
"132","Yoghurt helps you build resistance to common diseases, because it contains probiotics","57","3600","CFD-BM-222-173-N.jpg","Social Media Health Influencer"
"341","Yoghurt keeps you active and going for longer, because it contains slow-release carbohydrates","5700","30","CFD-BM-252-161-N.jpg","Nurse"
"66","Yoghurt helps you build resistance to common diseases, because it contains probiotics","0","3600","CFD-WM-248-036-N.jpg","Cook"
"94","Yoghurt helps you build resistance to common diseases, because it contains probiotics","57","0","CFD-BF-228-212-N.jpg","Social Media Health Influencer"
"167","Yoghurt helps you build resistance to common diseases, because it contains probiotics","57","30","CFD-AF-236-145-N.jpg","Social Media Health Influencer"
"45","Yoghurt helps you build resistance to common diseases, because it contains probiotics","5700","3600","CFD-WM-258-125-N.jpg","Professor"
"211","Yoghurt helps you build resistance to common diseases, because it contains probiotics","57","0","CFD-AM-241-287-N.jpg","Cook"
"560","Yoghurt helps reduce food intake without feeling hungry, because it contains added fibres","0","30","CFD-BM-222-173-N.jpg","Social Media Health Influencer"
"277","Yoghurt keeps you active and going for longer, because it contains slow-release carbohydrates","5700","0","CFD-WM-221-091-N.jpg","Social Media Health Influencer"
"339","Yoghurt keeps you active and going for longer, because it contains slow-release carbohydrates","57","3600","CFD-BM-252-161-N.jpg","Nurse"
"285","Yoghurt keeps you active and going for longer, because it contains slow-release carbohydrates","57","3600","CFD-WM-248-036-N.jpg","Cook"
"299","Yoghurt keeps you active and going for longer, because it contains slow-release carbohydrates","0","30","CFD-BF-224-002-N.jpg","Nurse"
"2","Yoghurt helps you build resistance to common diseases, because it contains probiotics","0","30","CFD-WF-246-087-N.jpg","Professor"
"418","Yoghurt keeps you active and going for longer, because it contains slow-release carbohydrates","57","0","CFD-AM-247-165-N.jpg","Social Media Health Influencer"
"205","Yoghurt helps you build resistance to common diseases, because it contains probiotics","5700","0","CFD-AM-247-165-N.jpg","Social Media Health Influencer"
"428","Yoghurt keeps you active and going for longer, because it contains slow-release carbohydrates","57","30","CFD-AM-241-287-N.jpg","Cook"
"20","Yoghurt helps you build resistance to common diseases, because it contains probiotics","0","30","CFD-WF-237-067-N.jpg","Social Media Health Influencer"
"401","Yoghurt keeps you active and going for longer, because it contains slow-release carbohydrates","57","30","CFD-AM-219-101-N.jpg","Professor"
"423","Yoghurt keeps you active and going for longer, because it contains slow-release carbohydrates","5700","3600","CFD-AM-247-165-N.jpg","Social Media Health Influencer"
"475","Yoghurt helps reduce food intake without feeling hungry, because it contains added fibres","5700","0","CFD-WM-258-125-N.jpg","Professor"
"222","Yoghurt keeps you active and going for longer, because it contains slow-release carbohydrates","57","3600","CFD-WF-246-087-N.jpg","Professor"
"99","Yoghurt helps you build resistance to common diseases, because it contains probiotics","5700","3600","CFD-BF-228-212-N.jpg","Social Media Health Influencer"
"201","Yoghurt helps you build resistance to common diseases, because it contains probiotics","0","3600","CFD-AM-247-165-N.jpg","Social Media Health Influencer"
"297","Yoghurt keeps you active and going for longer, because it contains slow-release carbohydrates","5700","3600","CFD-BF-202-109-N.jpg","Professor"
"131","Yoghurt helps you build resistance to common diseases, because it contains probiotics","57","30","CFD-BM-222-173-N.jpg","Social Media Health Influencer"
"364","Yoghurt keeps you active and going for longer, because it contains slow-release carbohydrates","57","0","CFD-AF-213-126-N.jpg","Professor"
"220","Yoghurt keeps you active and going for longer, because it contains slow-release carbohydrates","57","0","CFD-WF-246-087-N.jpg","Professor"
"225","Yoghurt keeps you active and going for longer, because it contains slow-release carbohydrates","5700","3600","CFD-WF-246-087-N.jpg","Professor"
"513","Yoghurt helps reduce food intake without feeling hungry, because it contains added fibres","5700","3600","CFD-BF-202-109-N.jpg","Professor"
"647","Yoghurt helps reduce food intake without feeling hungry, because it contains added fibres","5700","30","CFD-AM-241-287-N.jpg","Cook"
"163","Yoghurt helps you build resistance to common diseases, because it contains probiotics","0","0","CFD-AF-236-145-N.jpg","Social Media Health Influencer"
"208","Yoghurt helps you build resistance to common diseases, because it contains probiotics","0","0","CFD-AM-241-287-N.jpg","Cook"
"485","Yoghurt helps reduce food intake without feeling hungry, because it contains added fibres","5700","30","CFD-WM-204-031-N.jpg","Nurse"
"293","Yoghurt keeps you active and going for longer, because it contains slow-release carbohydrates","57","30","CFD-BF-202-109-N.jpg","Professor"
"183","Yoghurt helps you build resistance to common diseases, because it contains probiotics","0","3600","CFD-AM-219-101-N.jpg","Professor"
"330","Yoghurt keeps you active and going for longer, because it contains slow-release carbohydrates","57","3600","CFD-BM-033-003-N.jpg","Professor"
"101","Yoghurt helps you build resistance to common diseases, because it contains probiotics","0","30","CFD-BF-251-211-N.jpg","Cook"
"327","Yoghurt keeps you active and going for longer, because it contains slow-release carbohydrates","0","3600","CFD-BM-033-003-N.jpg","Professor"
"203","Yoghurt helps you build resistance to common diseases, because it contains probiotics","57","30","CFD-AM-247-165-N.jpg","Social Media Health Influencer"
"275","Yoghurt keeps you active and going for longer, because it contains slow-release carbohydrates","57","30","CFD-WM-221-091-N.jpg","Social Media Health Influencer"
"385","Yoghurt keeps you active and going for longer, because it contains slow-release carbohydrates","5700","0","CFD-AF-236-145-N.jpg","Social Media Health Influencer"
"93","Yoghurt helps you build resistance to common diseases, because it contains probiotics","0","3600","CFD-BF-228-212-N.jpg","Social Media Health Influencer"
"300","Yoghurt keeps you active and going for longer, because it contains slow-release carbohydrates","0","3600","CFD-BF-224-002-N.jpg","Nurse"
"445","Yoghurt helps reduce food intake without feeling hungry, because it contains added fibres","57","0","CFD-WF-221-005-N.jpg","Nurse"
"570","Yoghurt helps reduce food intake without feeling hungry, because it contains added fibres","0","3600","CFD-BM-230-232-N.jpg","Cook"
"173","Yoghurt helps you build resistance to common diseases, because it contains probiotics","0","30","CFD-AF-238-185-N.jpg","Cook"
"149","Yoghurt helps you build resistance to common diseases, because it contains probiotics","57","30","CFD-AF-213-126-N.jpg","Professor"
"111","Yoghurt helps you build resistance to common diseases, because it contains probiotics","0","3600","CFD-BM-033-003-N.jpg","Professor"
"407","Yoghurt keeps you active and going for longer, because it contains slow-release carbohydrates","0","30","CFD-AM-239-147-N.jpg","Nurse"
"575","Yoghurt helps reduce food intake without feeling hungry, because it contains added fibres","5700","30","CFD-BM-230-232-N.jpg","Cook"
"641","Yoghurt helps reduce food intake without feeling hungry, because it contains added fibres","0","30","CFD-AM-241-287-N.jpg","Cook"
"477","Yoghurt helps reduce food intake without feeling hungry, because it contains added fibres","5700","3600","CFD-WM-258-125-N.jpg","Professor"
"317","Yoghurt keeps you active and going for longer, because it contains slow-release carbohydrates","0","30","CFD-BF-251-211-N.jpg","Cook"
"365","Yoghurt keeps you active and going for longer, because it contains slow-release carbohydrates","57","30","CFD-AF-213-126-N.jpg","Professor"
"541","Yoghurt helps reduce food intake without feeling hungry, because it contains added fibres","0","0","CFD-BM-033-003-N.jpg","Professor"
"178","Yoghurt helps you build resistance to common diseases, because it contains probiotics","5700","0","CFD-AF-238-185-N.jpg","Cook"
"636","Yoghurt helps reduce food intake without feeling hungry, because it contains added fibres","57","3600","CFD-AM-247-165-N.jpg","Social Media Health Influencer"
"244","Yoghurt keeps you active and going for longer, because it contains slow-release carbohydrates","0","0","CFD-WF-245-084-N.jpg","Cook"
"107","Yoghurt helps you build resistance to common diseases, because it contains probiotics","5700","30","CFD-BF-251-211-N.jpg","Cook"
"84","Yoghurt helps you build resistance to common diseases, because it contains probiotics","0","3600","CFD-BF-224-002-N.jpg","Nurse"
"415","Yoghurt keeps you active and going for longer, because it contains slow-release carbohydrates","0","0","CFD-AM-247-165-N.jpg","Social Media Health Influencer"
"565","Yoghurt helps reduce food intake without feeling hungry, because it contains added fibres","5700","0","CFD-BM-222-173-N.jpg","Social Media Health Influencer"
"100","Yoghurt helps you build resistance to common diseases, because it contains probiotics","0","0","CFD-BF-251-211-N.jpg","Cook"
"218","Yoghurt keeps you active and going for longer, because it contains slow-release carbohydrates","0","30","CFD-WF-246-087-N.jpg","Professor"
"571","Yoghurt helps reduce food intake without feeling hungry, because it contains added fibres","57","0","CFD-BM-230-232-N.jpg","Cook"
"282","Yoghurt keeps you active and going for longer, because it contains slow-release carbohydrates","0","3600","CFD-WM-248-036-N.jpg","Cook"
"356","Yoghurt keeps you active and going for longer, because it contains slow-release carbohydrates","57","30","CFD-BM-230-232-N.jpg","Cook"
"441","Yoghurt helps reduce food intake without feeling hungry, because it contains added fibres","5700","3600","CFD-WF-246-087-N.jpg","Professor"
"613","Yoghurt helps reduce food intake without feeling hungry, because it contains added fibres","0","0","CFD-AM-219-101-N.jpg","Professor"
"514","Yoghurt helps reduce food intake without feeling hungry, because it contains added fibres","0","0","CFD-BF-224-002-N.jpg","Nurse"
"376","Yoghurt keeps you active and going for longer, because it contains slow-release carbohydrates","5700","0","CFD-AF-223-183-N.jpg","Nurse"
"68","Yoghurt helps you build resistance to common diseases, because it contains probiotics","57","30","CFD-WM-248-036-N.jpg","Cook"
"138","Yoghurt helps you build resistance to common diseases, because it contains probiotics","0","3600","CFD-BM-230-232-N.jpg","Cook"
"520","Yoghurt helps reduce food intake without feeling hungry, because it contains added fibres","5700","0","CFD-BF-224-002-N.jpg","Nurse"
"446","Yoghurt helps reduce food intake without feeling hungry, because it contains added fibres","57","30","CFD-WF-221-005-N.jpg","Nurse"
"380","Yoghurt keeps you active and going for longer, because it contains slow-release carbohydrates","0","30","CFD-AF-236-145-N.jpg","Social Media Health Influencer"
"118","Yoghurt helps you build resistance to common diseases, because it contains probiotics","0","0","CFD-BM-252-161-N.jpg","Nurse"
"185","Yoghurt helps you build resistance to common diseases, because it contains probiotics","57","30","CFD-AM-219-101-N.jpg","Professor"
"116","Yoghurt helps you build resistance to common diseases, because it contains probiotics","5700","30","CFD-BM-033-003-N.jpg","Professor"
"464","Yoghurt helps reduce food intake without feeling hungry, because it contains added fibres","57","30","CFD-WF-245-084-N.jpg","Cook"
"492","Yoghurt helps reduce food intake without feeling hungry, because it contains added fibres","57","3600","CFD-WM-221-091-N.jpg","Social Media Health Influencer"
"491","Yoghurt helps reduce food intake without feeling hungry, because it contains added fibres","57","30","CFD-WM-221-091-N.jpg","Social Media Health Influencer"
"610","Yoghurt helps reduce food intake without feeling hungry, because it contains added fibres","5700","0","CFD-AF-238-185-N.jpg","Cook"
"1","Yoghurt helps you build resistance to common diseases, because it contains probiotics","0","0","CFD-WF-246-087-N.jpg","Professor"
"337","Yoghurt keeps you active and going for longer, because it contains slow-release carbohydrates","57","0","CFD-BM-252-161-N.jpg","Nurse"
"103","Yoghurt helps you build resistance to common diseases, because it contains probiotics","57","0","CFD-BF-251-211-N.jpg","Cook"
"488","Yoghurt helps reduce food intake without feeling hungry, because it contains added fibres","0","30","CFD-WM-221-091-N.jpg","Social Media Health Influencer"
"577","Yoghurt helps reduce food intake without feeling hungry, because it contains added fibres","0","0","CFD-AF-213-126-N.jpg","Professor"
"32","Yoghurt helps you build resistance to common diseases, because it contains probiotics","57","30","CFD-WF-245-084-N.jpg","Cook"
"587","Yoghurt helps reduce food intake without feeling hungry, because it contains added fibres","0","30","CFD-AF-223-183-N.jpg","Nurse"
"117","Yoghurt helps you build resistance to common diseases, because it contains probiotics","5700","3600","CFD-BM-033-003-N.jpg","Professor"
"361","Yoghurt keeps you active and going for longer, because it contains slow-release carbohydrates","0","0","CFD-AF-213-126-N.jpg","Professor"
"500","Yoghurt helps reduce food intake without feeling hungry, because it contains added fibres","57","30","CFD-WM-248-036-N.jpg","Cook"
"278","Yoghurt keeps you active and going for longer, because it contains slow-release carbohydrates","5700","30","CFD-WM-221-091-N.jpg","Social Media Health Influencer"
"543","Yoghurt helps reduce food intake without feeling hungry, because it contains added fibres","0","3600","CFD-BM-033-003-N.jpg","Professor"
"384","Yoghurt keeps you active and going for longer, because it contains slow-release carbohydrates","57","3600","CFD-AF-236-145-N.jpg","Social Media Health Influencer"
"609","Yoghurt helps reduce food intake without feeling hungry, because it contains added fibres","57","3600","CFD-AF-238-185-N.jpg","Cook"
"306","Yoghurt keeps you active and going for longer, because it contains slow-release carbohydrates","5700","3600","CFD-BF-224-002-N.jpg","Nurse"
"113","Yoghurt helps you build resistance to common diseases, because it contains probiotics","57","30","CFD-BM-033-003-N.jpg","Professor"
"616","Yoghurt helps reduce food intake without feeling hungry, because it contains added fibres","57","0","CFD-AM-219-101-N.jpg","Professor"
"603","Yoghurt helps reduce food intake without feeling hungry, because it contains added fibres","5700","3600","CFD-AF-236-145-N.jpg","Social Media Health Influencer"
"294","Yoghurt keeps you active and going for longer, because it contains slow-release carbohydrates","57","3600","CFD-BF-202-109-N.jpg","Professor"
"546","Yoghurt helps reduce food intake without feeling hungry, because it contains added fibres","57","3600","CFD-BM-033-003-N.jpg","Professor"
"281","Yoghurt keeps you active and going for longer, because it contains slow-release carbohydrates","0","30","CFD-WM-248-036-N.jpg","Cook"
"253","Yoghurt keeps you active and going for longer, because it contains slow-release carbohydrates","0","0","CFD-WM-258-125-N.jpg","Professor"
"438","Yoghurt helps reduce food intake without feeling hungry, because it contains added fibres","57","3600","CFD-WF-246-087-N.jpg","Professor"
"256","Yoghurt keeps you active and going for longer, because it contains slow-release carbohydrates","57","0","CFD-WM-258-125-N.jpg","Professor"
"170","Yoghurt helps you build resistance to common diseases, because it contains probiotics","5700","30","CFD-AF-236-145-N.jpg","Social Media Health Influencer"
"526","Yoghurt helps reduce food intake without feeling hungry, because it contains added fibres","57","0","CFD-BF-228-212-N.jpg","Social Media Health Influencer"
"231","Yoghurt keeps you active and going for longer, because it contains slow-release carbohydrates","57","3600","CFD-WF-221-005-N.jpg","Nurse"
"517","Yoghurt helps reduce food intake without feeling hungry, because it contains added fibres","57","0","CFD-BF-224-002-N.jpg","Nurse"
"234","Yoghurt keeps you active and going for longer, because it contains slow-release carbohydrates","5700","3600","CFD-WF-221-005-N.jpg","Nurse"
"479","Yoghurt helps reduce food intake without feeling hungry, because it contains added fibres","0","30","CFD-WM-204-031-N.jpg","Nurse"
"578","Yoghurt helps reduce food intake without feeling hungry, because it contains added fibres","0","30","CFD-AF-213-126-N.jpg","Professor"
"152","Yoghurt helps you build resistance to common diseases, because it contains probiotics","5700","30","CFD-AF-213-126-N.jpg","Professor"
"408","Yoghurt keeps you active and going for longer, because it contains slow-release carbohydrates","0","3600","CFD-AM-239-147-N.jpg","Nurse"
"537","Yoghurt helps reduce food intake without feeling hungry, because it contains added fibres","57","3600","CFD-BF-251-211-N.jpg","Cook"
"379","Yoghurt keeps you active and going for longer, because it contains slow-release carbohydrates","0","0","CFD-AF-236-145-N.jpg","Social Media Health Influencer"
"309","Yoghurt keeps you active and going for longer, because it contains slow-release carbohydrates","0","3600","CFD-BF-228-212-N.jpg","Social Media Health Influencer"
"259","Yoghurt keeps you active and going for longer, because it contains slow-release carbohydrates","5700","0","CFD-WM-258-125-N.jpg","Professor"
"166","Yoghurt helps you build resistance to common diseases, because it contains probiotics","57","0","CFD-AF-236-145-N.jpg","Social Media Health Influencer"
"348","Yoghurt keeps you active and going for longer, because it contains slow-release carbohydrates","57","3600","CFD-BM-222-173-N.jpg","Social Media Health Influencer"
"340","Yoghurt keeps you active and going for longer, because it contains slow-release carbohydrates","5700","0","CFD-BM-252-161-N.jpg","Nurse"
"126","Yoghurt helps you build resistance to common diseases, because it contains probiotics","5700","3600","CFD-BM-252-161-N.jpg","Nurse"
"143","Yoghurt helps you build resistance to common diseases, because it contains probiotics","5700","30","CFD-BM-230-232-N.jpg","Cook"
"85","Yoghurt helps you build resistance to common diseases, because it contains probiotics","57","0","CFD-BF-224-002-N.jpg","Nurse"
"589","Yoghurt helps reduce food intake without feeling hungry, because it contains added fibres","57","0","CFD-AF-223-183-N.jpg","Nurse"
"375","Yoghurt keeps you active and going for longer, because it contains slow-release carbohydrates","57","3600","CFD-AF-223-183-N.jpg","Nurse"
"71","Yoghurt helps you build resistance to common diseases, because it contains probiotics","5700","30","CFD-WM-248-036-N.jpg","Cook"
"635","Yoghurt helps reduce food intake without feeling hungry, because it contains added fibres","57","30","CFD-AM-247-165-N.jpg","Social Media Health Influencer"
"270","Yoghurt keeps you active and going for longer, because it contains slow-release carbohydrates","5700","3600","CFD-WM-204-031-N.jpg","Nurse"
"148","Yoghurt helps you build resistance to common diseases, because it contains probiotics","57","0","CFD-AF-213-126-N.jpg","Professor"
"51","Yoghurt helps you build resistance to common diseases, because it contains probiotics","57","3600","CFD-WM-204-031-N.jpg","Nurse"
"451","Yoghurt helps reduce food intake without feeling hungry, because it contains added fibres","0","0","CFD-WF-237-067-N.jpg","Social Media Health Influencer"
"553","Yoghurt helps reduce food intake without feeling hungry, because it contains added fibres","57","0","CFD-BM-252-161-N.jpg","Nurse"
"472","Yoghurt helps reduce food intake without feeling hungry, because it contains added fibres","57","0","CFD-WM-258-125-N.jpg","Professor"
"221","Yoghurt keeps you active and going for longer, because it contains slow-release carbohydrates","57","30","CFD-WF-246-087-N.jpg","Professor"
"424","Yoghurt keeps you active and going for longer, because it contains slow-release carbohydrates","0","0","CFD-AM-241-287-N.jpg","Cook"
"236","Yoghurt keeps you active and going for longer, because it contains slow-release carbohydrates","0","30","CFD-WF-237-067-N.jpg","Social Media Health Influencer"
"127","Yoghurt helps you build resistance to common diseases, because it contains probiotics","0","0","CFD-BM-222-173-N.jpg","Social Media Health Influencer"
"574","Yoghurt helps reduce food intake without feeling hungry, because it contains added fibres","5700","0","CFD-BM-230-232-N.jpg","Cook"
"498","Yoghurt helps reduce food intake without feeling hungry, because it contains added fibres","0","3600","CFD-WM-248-036-N.jpg","Cook"
"536","Yoghurt helps reduce food intake without feeling hungry, because it contains added fibres","57","30","CFD-BF-251-211-N.jpg","Cook"
"200","Yoghurt helps you build resistance to common diseases, because it contains probiotics","0","30","CFD-AM-247-165-N.jpg","Social Media Health Influencer"
"352","Yoghurt keeps you active and going for longer, because it contains slow-release carbohydrates","0","0","CFD-BM-230-232-N.jpg","Cook"
"145","Yoghurt helps you build resistance to common diseases, because it contains probiotics","0","0","CFD-AF-213-126-N.jpg","Professor"
"254","Yoghurt keeps you active and going for longer, because it contains slow-release carbohydrates","0","30","CFD-WM-258-125-N.jpg","Professor"
"123","Yoghurt helps you build resistance to common diseases, because it contains probiotics","57","3600","CFD-BM-252-161-N.jpg","Nurse"
"437","Yoghurt helps reduce food intake without feeling hungry, because it contains added fibres","57","30","CFD-WF-246-087-N.jpg","Professor"
"490","Yoghurt helps reduce food intake without feeling hungry, because it contains added fibres","57","0","CFD-WM-221-091-N.jpg","Social Media Health Influencer"
"313","Yoghurt keeps you active and going for longer, because it contains slow-release carbohydrates","5700","0","CFD-BF-228-212-N.jpg","Social Media Health Influencer"
"207","Yoghurt helps you build resistance to common diseases, because it contains probiotics","5700","3600","CFD-AM-247-165-N.jpg","Social Media Health Influencer"
"637","Yoghurt helps reduce food intake without feeling hungry, because it contains added fibres","5700","0","CFD-AM-247-165-N.jpg","Social Media Health Influencer"
"110","Yoghurt helps you build resistance to common diseases, because it contains probiotics","0","30","CFD-BM-033-003-N.jpg","Professor"
"447","Yoghurt helps reduce food intake without feeling hungry, because it contains added fibres","57","3600","CFD-WF-221-005-N.jpg","Nurse"
"463","Yoghurt helps reduce food intake without feeling hungry, because it contains added fibres","57","0","CFD-WF-245-084-N.jpg","Cook"
"638","Yoghurt helps reduce food intake without feeling hungry, because it contains added fibres","5700","30","CFD-AM-247-165-N.jpg","Social Media Health Influencer"
"554","Yoghurt helps reduce food intake without feeling hungry, because it contains added fibres","57","30","CFD-BM-252-161-N.jpg","Nurse"
"139","Yoghurt helps you build resistance to common diseases, because it contains probiotics","57","0","CFD-BM-230-232-N.jpg","Cook"
"576","Yoghurt helps reduce food intake without feeling hungry, because it contains added fibres","5700","3600","CFD-BM-230-232-N.jpg","Cook"
"187","Yoghurt helps you build resistance to common diseases, because it contains probiotics","5700","0","CFD-AM-219-101-N.jpg","Professor"
"286","Yoghurt keeps you active and going for longer, because it contains slow-release carbohydrates","5700","0","CFD-WM-248-036-N.jpg","Cook"
"181","Yoghurt helps you build resistance to common diseases, because it contains probiotics","0","0","CFD-AM-219-101-N.jpg","Professor"
"292","Yoghurt keeps you active and going for longer, because it contains slow-release carbohydrates","57","0","CFD-BF-202-109-N.jpg","Professor"
"414","Yoghurt keeps you active and going for longer, because it contains slow-release carbohydrates","5700","3600","CFD-AM-239-147-N.jpg","Nurse"
"288","Yoghurt keeps you active and going for longer, because it contains slow-release carbohydrates","5700","3600","CFD-WM-248-036-N.jpg","Cook"
"325","Yoghurt keeps you active and going for longer, because it contains slow-release carbohydrates","0","0","CFD-BM-033-003-N.jpg","Professor"
"618","Yoghurt helps reduce food intake without feeling hungry, because it contains added fibres","57","3600","CFD-AM-219-101-N.jpg","Professor"
"604","Yoghurt helps reduce food intake without feeling hungry, because it contains added fibres","0","0","CFD-AF-238-185-N.jpg","Cook"
"266","Yoghurt keeps you active and going for longer, because it contains slow-release carbohydrates","57","30","CFD-WM-204-031-N.jpg","Nurse"
"614","Yoghurt helps reduce food intake without feeling hungry, because it contains added fibres","0","30","CFD-AM-219-101-N.jpg","Professor"
"645","Yoghurt helps reduce food intake without feeling hungry, because it contains added fibres","57","3600","CFD-AM-241-287-N.jpg","Cook"
"371","Yoghurt keeps you active and going for longer, because it contains slow-release carbohydrates","0","30","CFD-AF-223-183-N.jpg","Nurse"
"109","Yoghurt helps you build resistance to common diseases, because it contains probiotics","0","0","CFD-BM-033-003-N.jpg","Professor"
"480","Yoghurt helps reduce food intake without feeling hungry, because it contains added fibres","0","3600","CFD-WM-204-031-N.jpg","Nurse"
"591","Yoghurt helps reduce food intake without feeling hungry, because it contains added fibres","57","3600","CFD-AF-223-183-N.jpg","Nurse"
"427","Yoghurt keeps you active and going for longer, because it contains slow-release carbohydrates","57","0","CFD-AM-241-287-N.jpg","Cook"
"60","Yoghurt helps you build resistance to common diseases, because it contains probiotics","57","3600","CFD-WM-221-091-N.jpg","Social Media Health Influencer"
"307","Yoghurt keeps you active and going for longer, because it contains slow-release carbohydrates","0","0","CFD-BF-228-212-N.jpg","Social Media Health Influencer"
"19","Yoghurt helps you build resistance to common diseases, because it contains probiotics","0","0","CFD-WF-237-067-N.jpg","Social Media Health Influencer"
"621","Yoghurt helps reduce food intake without feeling hungry, because it contains added fibres","5700","3600","CFD-AM-219-101-N.jpg","Professor"
"350","Yoghurt keeps you active and going for longer, because it contains slow-release carbohydrates","5700","30","CFD-BM-222-173-N.jpg","Social Media Health Influencer"
"44","Yoghurt helps you build resistance to common diseases, because it contains probiotics","5700","30","CFD-WM-258-125-N.jpg","Professor"
"289","Yoghurt keeps you active and going for longer, because it contains slow-release carbohydrates","0","0","CFD-BF-202-109-N.jpg","Professor"
"457","Yoghurt helps reduce food intake without feeling hungry, because it contains added fibres","5700","0","CFD-WF-237-067-N.jpg","Social Media Health Influencer"
"316","Yoghurt keeps you active and going for longer, because it contains slow-release carbohydrates","0","0","CFD-BF-251-211-N.jpg","Cook"
"483","Yoghurt helps reduce food intake without feeling hungry, because it contains added fibres","57","3600","CFD-WM-204-031-N.jpg","Nurse"
"73","Yoghurt helps you build resistance to common diseases, because it contains probiotics","0","0","CFD-BF-202-109-N.jpg","Professor"
"157","Yoghurt helps you build resistance to common diseases, because it contains probiotics","57","0","CFD-AF-223-183-N.jpg","Nurse"
"466","Yoghurt helps reduce food intake without feeling hungry, because it contains added fibres","5700","0","CFD-WF-245-084-N.jpg","Cook"
"454","Yoghurt helps reduce food intake without feeling hungry, because it contains added fibres","57","0","CFD-WF-237-067-N.jpg","Social Media Health Influencer"
"224","Yoghurt keeps you active and going for longer, because it contains slow-release carbohydrates","5700","30","CFD-WF-246-087-N.jpg","Professor"
"54","Yoghurt helps you build resistance to common diseases, because it contains probiotics","5700","3600","CFD-WM-204-031-N.jpg","Nurse"
"595","Yoghurt helps reduce food intake without feeling hungry, because it contains added fibres","0","0","CFD-AF-236-145-N.jpg","Social Media Health Influencer"
"262","Yoghurt keeps you active and going for longer, because it contains slow-release carbohydrates","0","0","CFD-WM-204-031-N.jpg","Nurse"
"284","Yoghurt keeps you active and going for longer, because it contains slow-release carbohydrates","57","30","CFD-WM-248-036-N.jpg","Cook"
"227","Yoghurt keeps you active and going for longer, because it contains slow-release carbohydrates","0","30","CFD-WF-221-005-N.jpg","Nurse"
"559","Yoghurt helps reduce food intake without feeling hungry, because it contains added fibres","0","0","CFD-BM-222-173-N.jpg","Social Media Health Influencer"
"439","Yoghurt helps reduce food intake without feeling hungry, because it contains added fibres","5700","0","CFD-WF-246-087-N.jpg","Professor"
"76","Yoghurt helps you build resistance to common diseases, because it contains probiotics","57","0","CFD-BF-202-109-N.jpg","Professor"
"18","Yoghurt helps you build resistance to common diseases, because it contains probiotics","5700","3600","CFD-WF-221-005-N.jpg","Nurse"
"141","Yoghurt helps you build resistance to common diseases, because it contains probiotics","57","3600","CFD-BM-230-232-N.jpg","Cook"
"367","Yoghurt keeps you active and going for longer, because it contains slow-release carbohydrates","5700","0","CFD-AF-213-126-N.jpg","Professor"
"229","Yoghurt keeps you active and going for longer, because it contains slow-release carbohydrates","57","0","CFD-WF-221-005-N.jpg","Nurse"
"212","Yoghurt helps you build resistance to common diseases, because it contains probiotics","57","30","CFD-AM-241-287-N.jpg","Cook"
"142","Yoghurt helps you build resistance to common diseases, because it contains probiotics","5700","0","CFD-BM-230-232-N.jpg","Cook"
"64","Yoghurt helps you build resistance to common diseases, because it contains probiotics","0","0","CFD-WM-248-036-N.jpg","Cook"
"524","Yoghurt helps reduce food intake without feeling hungry, because it contains added fibres","0","30","CFD-BF-228-212-N.jpg","Social Media Health Influencer"
"136","Yoghurt helps you build resistance to common diseases, because it contains probiotics","0","0","CFD-BM-230-232-N.jpg","Cook"
"233","Yoghurt keeps you active and going for longer, because it contains slow-release carbohydrates","5700","30","CFD-WF-221-005-N.jpg","Nurse"
"486","Yoghurt helps reduce food intake without feeling hungry, because it contains added fibres","5700","3600","CFD-WM-204-031-N.jpg","Nurse"
"331","Yoghurt keeps you active and going for longer, because it contains slow-release carbohydrates","5700","0","CFD-BM-033-003-N.jpg","Professor"
"312","Yoghurt keeps you active and going for longer, because it contains slow-release carbohydrates","57","3600","CFD-BF-228-212-N.jpg","Social Media Health Influencer"
"260","Yoghurt keeps you active and going for longer, because it contains slow-release carbohydrates","5700","30","CFD-WM-258-125-N.jpg","Professor"
"525","Yoghurt helps reduce food intake without feeling hungry, because it contains added fibres","0","3600","CFD-BF-228-212-N.jpg","Social Media Health Influencer"
"468","Yoghurt helps reduce food intake without feeling hungry, because it contains added fibres","5700","3600","CFD-WF-245-084-N.jpg","Cook"
"305","Yoghurt keeps you active and going for longer, because it contains slow-release carbohydrates","5700","30","CFD-BF-224-002-N.jpg","Nurse"
"443","Yoghurt helps reduce food intake without feeling hungry, because it contains added fibres","0","30","CFD-WF-221-005-N.jpg","Nurse"
"471","Yoghurt helps reduce food intake without feeling hungry, because it contains added fibres","0","3600","CFD-WM-258-125-N.jpg","Professor"
"160","Yoghurt helps you build resistance to common diseases, because it contains probiotics","5700","0","CFD-AF-223-183-N.jpg","Nurse"
"82","Yoghurt helps you build resistance to common diseases, because it contains probiotics","0","0","CFD-BF-224-002-N.jpg","Nurse"
"347","Yoghurt keeps you active and going for longer, because it contains slow-release carbohydrates","57","30","CFD-BM-222-173-N.jpg","Social Media Health Influencer"
"564","Yoghurt helps reduce food intake without feeling hungry, because it contains added fibres","57","3600","CFD-BM-222-173-N.jpg","Social Media Health Influencer"
"632","Yoghurt helps reduce food intake without feeling hungry, because it contains added fibres","0","30","CFD-AM-247-165-N.jpg","Social Media Health Influencer"
"349","Yoghurt keeps you active and going for longer, because it contains slow-release carbohydrates","5700","0","CFD-BM-222-173-N.jpg","Social Media Health Influencer"
"188","Yoghurt helps you build resistance to common diseases, because it contains probiotics","5700","30","CFD-AM-219-101-N.jpg","Professor"
"370","Yoghurt keeps you active and going for longer, because it contains slow-release carbohydrates","0","0","CFD-AF-223-183-N.jpg","Nurse"
"195","Yoghurt helps you build resistance to common diseases, because it contains probiotics","57","3600","CFD-AM-239-147-N.jpg","Nurse"
"631","Yoghurt helps reduce food intake without feeling hungry, because it contains added fibres","0","0","CFD-AM-247-165-N.jpg","Social Media Health Influencer"
"402","Yoghurt keeps you active and going for longer, because it contains slow-release carbohydrates","57","3600","CFD-AM-219-101-N.jpg","Professor"
"135","Yoghurt helps you build resistance to common diseases, because it contains probiotics","5700","3600","CFD-BM-222-173-N.jpg","Social Media Health Influencer"
"238","Yoghurt keeps you active and going for longer, because it contains slow-release carbohydrates","57","0","CFD-WF-237-067-N.jpg","Social Media Health Influencer"
"555","Yoghurt helps reduce food intake without feeling hungry, because it contains added fibres","57","3600","CFD-BM-252-161-N.jpg","Nurse"
"120","Yoghurt helps you build resistance to common diseases, because it contains probiotics","0","3600","CFD-BM-252-161-N.jpg","Nurse"
"400","Yoghurt keeps you active and going for longer, because it contains slow-release carbohydrates","57","0","CFD-AM-219-101-N.jpg","Professor"
"328","Yoghurt keeps you active and going for longer, because it contains slow-release carbohydrates","57","0","CFD-BM-033-003-N.jpg","Professor"
"290","Yoghurt keeps you active and going for longer, because it contains slow-release carbohydrates","0","30","CFD-BF-202-109-N.jpg","Professor"
"226","Yoghurt keeps you active and going for longer, because it contains slow-release carbohydrates","0","0","CFD-WF-221-005-N.jpg","Nurse"
"346","Yoghurt keeps you active and going for longer, because it contains slow-release carbohydrates","57","0","CFD-BM-222-173-N.jpg","Social Media Health Influencer"
"314","Yoghurt keeps you active and going for longer, because it contains slow-release carbohydrates","5700","30","CFD-BF-228-212-N.jpg","Social Media Health Influencer"
"377","Yoghurt keeps you active and going for longer, because it contains slow-release carbohydrates","5700","30","CFD-AF-223-183-N.jpg","Nurse"
"223","Yoghurt keeps you active and going for longer, because it contains slow-release carbohydrates","5700","0","CFD-WF-246-087-N.jpg","Professor"
"249","Yoghurt keeps you active and going for longer, because it contains slow-release carbohydrates","57","3600","CFD-WF-245-084-N.jpg","Cook"
"258","Yoghurt keeps you active and going for longer, because it contains slow-release carbohydrates","57","3600","CFD-WM-258-125-N.jpg","Professor"
"478","Yoghurt helps reduce food intake without feeling hungry, because it contains added fibres","0","0","CFD-WM-204-031-N.jpg","Nurse"
"465","Yoghurt helps reduce food intake without feeling hungry, because it contains added fibres","57","3600","CFD-WF-245-084-N.jpg","Cook"
"431","Yoghurt keeps you active and going for longer, because it contains slow-release carbohydrates","5700","30","CFD-AM-241-287-N.jpg","Cook"
"130","Yoghurt helps you build resistance to common diseases, because it contains probiotics","57","0","CFD-BM-222-173-N.jpg","Social Media Health Influencer"
"274","Yoghurt keeps you active and going for longer, because it contains slow-release carbohydrates","57","0","CFD-WM-221-091-N.jpg","Social Media Health Influencer"
"572","Yoghurt helps reduce food intake without feeling hungry, because it contains added fibres","57","30","CFD-BM-230-232-N.jpg","Cook"
"164","Yoghurt helps you build resistance to common diseases, because it contains probiotics","0","30","CFD-AF-236-145-N.jpg","Social Media Health Influencer"
"324","Yoghurt keeps you active and going for longer, because it contains slow-release carbohydrates","5700","3600","CFD-BF-251-211-N.jpg","Cook"
"329","Yoghurt keeps you active and going for longer, because it contains slow-release carbohydrates","57","30","CFD-BM-033-003-N.jpg","Professor"
"634","Yoghurt helps reduce food intake without feeling hungry, because it contains added fibres","57","0","CFD-AM-247-165-N.jpg","Social Media Health Influencer"
"436","Yoghurt helps reduce food intake without feeling hungry, because it contains added fibres","57","0","CFD-WF-246-087-N.jpg","Professor"
"75","Yoghurt helps you build resistance to common diseases, because it contains probiotics","0","3600","CFD-BF-202-109-N.jpg","Professor"
"323","Yoghurt keeps you active and going for longer, because it contains slow-release carbohydrates","5700","30","CFD-BF-251-211-N.jpg","Cook"
"49","Yoghurt helps you build resistance to common diseases, because it contains probiotics","57","0","CFD-WM-204-031-N.jpg","Nurse"
"214","Yoghurt helps you build resistance to common diseases, because it contains probiotics","5700","0","CFD-AM-241-287-N.jpg","Cook"
"303","Yoghurt keeps you active and going for longer, because it contains slow-release carbohydrates","57","3600","CFD-BF-224-002-N.jpg","Nurse"
"515","Yoghurt helps reduce food intake without feeling hungry, because it contains added fibres","0","30","CFD-BF-224-002-N.jpg","Nurse"
"83","Yoghurt helps you build resistance to common diseases, because it contains probiotics","0","30","CFD-BF-224-002-N.jpg","Nurse"
"30","Yoghurt helps you build resistance to common diseases, because it contains probiotics","0","3600","CFD-WF-245-084-N.jpg","Cook"
"321","Yoghurt keeps you active and going for longer, because it contains slow-release carbohydrates","57","3600","CFD-BF-251-211-N.jpg","Cook"
"147","Yoghurt helps you build resistance to common diseases, because it contains probiotics","0","3600","CFD-AF-213-126-N.jpg","Professor"
"87","Yoghurt helps you build resistance to common diseases, because it contains probiotics","57","3600","CFD-BF-224-002-N.jpg","Nurse"
"36","Yoghurt helps you build resistance to common diseases, because it contains probiotics","5700","3600","CFD-WF-245-084-N.jpg","Cook"
"180","Yoghurt helps you build resistance to common diseases, because it contains probiotics","5700","3600","CFD-AF-238-185-N.jpg","Cook"
"240","Yoghurt keeps you active and going for longer, because it contains slow-release carbohydrates","57","3600","CFD-WF-237-067-N.jpg","Social Media Health Influencer"
"217","Yoghurt keeps you active and going for longer, because it contains slow-release carbohydrates","0","0","CFD-WF-246-087-N.jpg","Professor"
"182","Yoghurt helps you build resistance to common diseases, because it contains probiotics","0","30","CFD-AM-219-101-N.jpg","Professor"
"612","Yoghurt helps reduce food intake without feeling hungry, because it contains added fibres","5700","3600","CFD-AF-238-185-N.jpg","Cook"
"210","Yoghurt helps you build resistance to common diseases, because it contains probiotics","0","3600","CFD-AM-241-287-N.jpg","Cook"
"59","Yoghurt helps you build resistance to common diseases, because it contains probiotics","57","30","CFD-WM-221-091-N.jpg","Social Media Health Influencer"
"29","Yoghurt helps you build resistance to common diseases, because it contains probiotics","0","30","CFD-WF-245-084-N.jpg","Cook"
"392","Yoghurt keeps you active and going for longer, because it contains slow-release carbohydrates","57","30","CFD-AF-238-185-N.jpg","Cook"
"630","Yoghurt helps reduce food intake without feeling hungry, because it contains added fibres","5700","3600","CFD-AM-239-147-N.jpg","Nurse"
"433","Yoghurt helps reduce food intake without feeling hungry, because it contains added fibres","0","0","CFD-WF-246-087-N.jpg","Professor"
"213","Yoghurt helps you build resistance to common diseases, because it contains probiotics","57","3600","CFD-AM-241-287-N.jpg","Cook"
"642","Yoghurt helps reduce food intake without feeling hungry, because it contains added fibres","0","3600","CFD-AM-241-287-N.jpg","Cook"
"35","Yoghurt helps you build resistance to common diseases, because it contains probiotics","5700","30","CFD-WF-245-084-N.jpg","Cook"
"115","Yoghurt helps you build resistance to common diseases, because it contains probiotics","5700","0","CFD-BM-033-003-N.jpg","Professor"
"494","Yoghurt helps reduce food intake without feeling hungry, because it contains added fibres","5700","30","CFD-WM-221-091-N.jpg","Social Media Health Influencer"
"7","Yoghurt helps you build resistance to common diseases, because it contains probiotics","5700","0","CFD-WF-246-087-N.jpg","Professor"
"308","Yoghurt keeps you active and going for longer, because it contains slow-release carbohydrates","0","30","CFD-BF-228-212-N.jpg","Social Media Health Influencer"
"639","Yoghurt helps reduce food intake without feeling hungry, because it contains added fibres","5700","3600","CFD-AM-247-165-N.jpg","Social Media Health Influencer"
"406","Yoghurt keeps you active and going for longer, because it contains slow-release carbohydrates","0","0","CFD-AM-239-147-N.jpg","Nurse"
"413","Yoghurt keeps you active and going for longer, because it contains slow-release carbohydrates","5700","30","CFD-AM-239-147-N.jpg","Nurse"
"351","Yoghurt keeps you active and going for longer, because it contains slow-release carbohydrates","5700","3600","CFD-BM-222-173-N.jpg","Social Media Health Influencer"
"474","Yoghurt helps reduce food intake without feeling hungry, because it contains added fibres","57","3600","CFD-WM-258-125-N.jpg","Professor"
"435","Yoghurt helps reduce food intake without feeling hungry, because it contains added fibres","0","3600","CFD-WF-246-087-N.jpg","Professor"
"417","Yoghurt keeps you active and going for longer, because it contains slow-release carbohydrates","0","3600","CFD-AM-247-165-N.jpg","Social Media Health Influencer"
"353","Yoghurt keeps you active and going for longer, because it contains slow-release carbohydrates","0","30","CFD-BM-230-232-N.jpg","Cook"
"529","Yoghurt helps reduce food intake without feeling hungry, because it contains added fibres","5700","0","CFD-BF-228-212-N.jpg","Social Media Health Influencer"
"72","Yoghurt helps you build resistance to common diseases, because it contains probiotics","5700","3600","CFD-WM-248-036-N.jpg","Cook"
"523","Yoghurt helps reduce food intake without feeling hungry, because it contains added fibres","0","0","CFD-BF-228-212-N.jpg","Social Media Health Influencer"
"508","Yoghurt helps reduce food intake without feeling hungry, because it contains added fibres","57","0","CFD-BF-202-109-N.jpg","Professor"
"332","Yoghurt keeps you active and going for longer, because it contains slow-release carbohydrates","5700","30","CFD-BM-033-003-N.jpg","Professor"
"271","Yoghurt keeps you active and going for longer, because it contains slow-release carbohydrates","0","0","CFD-WM-221-091-N.jpg","Social Media Health Influencer"
"582","Yoghurt helps reduce food intake without feeling hungry, because it contains added fibres","57","3600","CFD-AF-213-126-N.jpg","Professor"
"48","Yoghurt helps you build resistance to common diseases, because it contains probiotics","0","3600","CFD-WM-204-031-N.jpg","Nurse"
"373","Yoghurt keeps you active and going for longer, because it contains slow-release carbohydrates","57","0","CFD-AF-223-183-N.jpg","Nurse"
"137","Yoghurt helps you build resistance to common diseases, because it contains probiotics","0","30","CFD-BM-230-232-N.jpg","Cook"
"58","Yoghurt helps you build resistance to common diseases, because it contains probiotics","57","0","CFD-WM-221-091-N.jpg","Social Media Health Influencer"
"128","Yoghurt helps you build resistance to common diseases, because it contains probiotics","0","30","CFD-BM-222-173-N.jpg","Social Media Health Influencer"
"28","Yoghurt helps you build resistance to common diseases, because it contains probiotics","0","0","CFD-WF-245-084-N.jpg","Cook"
"52","Yoghurt helps you build resistance to common diseases, because it contains probiotics","5700","0","CFD-WM-204-031-N.jpg","Nurse"
"296","Yoghurt keeps you active and going for longer, because it contains slow-release carbohydrates","5700","30","CFD-BF-202-109-N.jpg","Professor"
"150","Yoghurt helps you build resistance to common diseases, because it contains probiotics","57","3600","CFD-AF-213-126-N.jpg","Professor"
"545","Yoghurt helps reduce food intake without feeling hungry, because it contains added fibres","57","30","CFD-BM-033-003-N.jpg","Professor"
"56","Yoghurt helps you build resistance to common diseases, because it contains probiotics","0","30","CFD-WM-221-091-N.jpg","Social Media Health Influencer"
"159","Yoghurt helps you build resistance to common diseases, because it contains probiotics","57","3600","CFD-AF-223-183-N.jpg","Nurse"
"105","Yoghurt helps you build resistance to common diseases, because it contains probiotics","57","3600","CFD-BF-251-211-N.jpg","Cook"
"65","Yoghurt helps you build resistance to common diseases, because it contains probiotics","0","30","CFD-WM-248-036-N.jpg","Cook"
"320","Yoghurt keeps you active and going for longer, because it contains slow-release carbohydrates","57","30","CFD-BF-251-211-N.jpg","Cook"
"590","Yoghurt helps reduce food intake without feeling hungry, because it contains added fibres","57","30","CFD-AF-223-183-N.jpg","Nurse"
"192","Yoghurt helps you build resistance to common diseases, because it contains probiotics","0","3600","CFD-AM-239-147-N.jpg","Nurse"
"98","Yoghurt helps you build resistance to common diseases, because it contains probiotics","5700","30","CFD-BF-228-212-N.jpg","Social Media Health Influencer"
"412","Yoghurt keeps you active and going for longer, because it contains slow-release carbohydrates","5700","0","CFD-AM-239-147-N.jpg","Nurse"
"39","Yoghurt helps you build resistance to common diseases, because it contains probiotics","0","3600","CFD-WM-258-125-N.jpg","Professor"
"374","Yoghurt keeps you active and going for longer, because it contains slow-release carbohydrates","57","30","CFD-AF-223-183-N.jpg","Nurse"
"193","Yoghurt helps you build resistance to common diseases, because it contains probiotics","57","0","CFD-AM-239-147-N.jpg","Nurse"
"335","Yoghurt keeps you active and going for longer, because it contains slow-release carbohydrates","0","30","CFD-BM-252-161-N.jpg","Nurse"
"558","Yoghurt helps reduce food intake without feeling hungry, because it contains added fibres","5700","3600","CFD-BM-252-161-N.jpg","Nurse"
"235","Yoghurt keeps you active and going for longer, because it contains slow-release carbohydrates","0","0","CFD-WF-237-067-N.jpg","Social Media Health Influencer"
"252","Yoghurt keeps you active and going for longer, because it contains slow-release carbohydrates","5700","3600","CFD-WF-245-084-N.jpg","Cook"
"190","Yoghurt helps you build resistance to common diseases, because it contains probiotics","0","0","CFD-AM-239-147-N.jpg","Nurse"
"581","Yoghurt helps reduce food intake without feeling hungry, because it contains added fibres","57","30","CFD-AF-213-126-N.jpg","Professor"
"542","Yoghurt helps reduce food intake without feeling hungry, because it contains added fibres","0","30","CFD-BM-033-003-N.jpg","Professor"
"177","Yoghurt helps you build resistance to common diseases, because it contains probiotics","57","3600","CFD-AF-238-185-N.jpg","Cook"
"644","Yoghurt helps reduce food intake without feeling hungry, because it contains added fibres","57","30","CFD-AM-241-287-N.jpg","Cook"
"588","Yoghurt helps reduce food intake without feeling hungry, because it contains added fibres","0","3600","CFD-AF-223-183-N.jpg","Nurse"
"455","Yoghurt helps reduce food intake without feeling hungry, because it contains added fibres","57","30","CFD-WF-237-067-N.jpg","Social Media Health Influencer"
"154","Yoghurt helps you build resistance to common diseases, because it contains probiotics","0","0","CFD-AF-223-183-N.jpg","Nurse"
"310","Yoghurt keeps you active and going for longer, because it contains slow-release carbohydrates","57","0","CFD-BF-228-212-N.jpg","Social Media Health Influencer"
"601","Yoghurt helps reduce food intake without feeling hungry, because it contains added fibres","5700","0","CFD-AF-236-145-N.jpg","Social Media Health Influencer"
"162","Yoghurt helps you build resistance to common diseases, because it contains probiotics","5700","3600","CFD-AF-223-183-N.jpg","Nurse"
"242","Yoghurt keeps you active and going for longer, because it contains slow-release carbohydrates","5700","30","CFD-WF-237-067-N.jpg","Social Media Health Influencer"
"597","Yoghurt helps reduce food intake without feeling hungry, because it contains added fibres","0","3600","CFD-AF-236-145-N.jpg","Social Media Health Influencer"
"42","Yoghurt helps you build resistance to common diseases, because it contains probiotics","57","3600","CFD-WM-258-125-N.jpg","Professor"
"544","Yoghurt helps reduce food intake without feeling hungry, because it contains added fibres","57","0","CFD-BM-033-003-N.jpg","Professor"
"6","Yoghurt helps you build resistance to common diseases, because it contains probiotics","57","3600","CFD-WF-246-087-N.jpg","Professor"
"399","Yoghurt keeps you active and going for longer, because it contains slow-release carbohydrates","0","3600","CFD-AM-219-101-N.jpg","Professor"
"624","Yoghurt helps reduce food intake without feeling hungry, because it contains added fibres","0","3600","CFD-AM-239-147-N.jpg","Nurse"
"516","Yoghurt helps reduce food intake without feeling hungry, because it contains added fibres","0","3600","CFD-BF-224-002-N.jpg","Nurse"
"557","Yoghurt helps reduce food intake without feeling hungry, because it contains added fibres","5700","30","CFD-BM-252-161-N.jpg","Nurse"
"389","Yoghurt keeps you active and going for longer, because it contains slow-release carbohydrates","0","30","CFD-AF-238-185-N.jpg","Cook"
"63","Yoghurt helps you build resistance to common diseases, because it contains probiotics","5700","3600","CFD-WM-221-091-N.jpg","Social Media Health Influencer"
"482","Yoghurt helps reduce food intake without feeling hungry, because it contains added fibres","57","30","CFD-WM-204-031-N.jpg","Nurse"
"599","Yoghurt helps reduce food intake without feeling hungry, because it contains added fibres","57","30","CFD-AF-236-145-N.jpg","Social Media Health Influencer"
"80","Yoghurt helps you build resistance to common diseases, because it contains probiotics","5700","30","CFD-BF-202-109-N.jpg","Professor"
"442","Yoghurt helps reduce food intake without feeling hungry, because it contains added fibres","0","0","CFD-WF-221-005-N.jpg","Nurse"
"511","Yoghurt helps reduce food intake without feeling hungry, because it contains added fibres","5700","0","CFD-BF-202-109-N.jpg","Professor"
"411","Yoghurt keeps you active and going for longer, because it contains slow-release carbohydrates","57","3600","CFD-AM-239-147-N.jpg","Nurse"
"191","Yoghurt helps you build resistance to common diseases, because it contains probiotics","0","30","CFD-AM-239-147-N.jpg","Nurse"
"391","Yoghurt keeps you active and going for longer, because it contains slow-release carbohydrates","57","0","CFD-AF-238-185-N.jpg","Cook"
"533","Yoghurt helps reduce food intake without feeling hungry, because it contains added fibres","0","30","CFD-BF-251-211-N.jpg","Cook"
"97","Yoghurt helps you build resistance to common diseases, because it contains probiotics","5700","0","CFD-BF-228-212-N.jpg","Social Media Health Influencer"
"250","Yoghurt keeps you active and going for longer, because it contains slow-release carbohydrates","5700","0","CFD-WF-245-084-N.jpg","Cook"
"387","Yoghurt keeps you active and going for longer, because it contains slow-release carbohydrates","5700","3600","CFD-AF-236-145-N.jpg","Social Media Health Influencer"
"21","Yoghurt helps you build resistance to common diseases, because it contains probiotics","0","3600","CFD-WF-237-067-N.jpg","Social Media Health Influencer"
"519","Yoghurt helps reduce food intake without feeling hungry, because it contains added fibres","57","3600","CFD-BF-224-002-N.jpg","Nurse"
"530","Yoghurt helps reduce food intake without feeling hungry, because it contains added fibres","5700","30","CFD-BF-228-212-N.jpg","Social Media Health Influencer"
"61","Yoghurt helps you build resistance to common diseases, because it contains probiotics","5700","0","CFD-WM-221-091-N.jpg","Social Media Health Influencer"
"248","Yoghurt keeps you active and going for longer, because it contains slow-release carbohydrates","57","30","CFD-WF-245-084-N.jpg","Cook"
"114","Yoghurt helps you build resistance to common diseases, because it contains probiotics","57","3600","CFD-BM-033-003-N.jpg","Professor"
"272","Yoghurt keeps you active and going for longer, because it contains slow-release carbohydrates","0","30","CFD-WM-221-091-N.jpg","Social Media Health Influencer"
"179","Yoghurt helps you build resistance to common diseases, because it contains probiotics","5700","30","CFD-AF-238-185-N.jpg","Cook"
"646","Yoghurt helps reduce food intake without feeling hungry, because it contains added fibres","5700","0","CFD-AM-241-287-N.jpg","Cook"
"547","Yoghurt helps reduce food intake without feeling hungry, because it contains added fibres","5700","0","CFD-BM-033-003-N.jpg","Professor"
"512","Yoghurt helps reduce food intake without feeling hungry, because it contains added fibres","5700","30","CFD-BF-202-109-N.jpg","Professor"
"133","Yoghurt helps you build resistance to common diseases, because it contains probiotics","5700","0","CFD-BM-222-173-N.jpg","Social Media Health Influencer"
"338","Yoghurt keeps you active and going for longer, because it contains slow-release carbohydrates","57","30","CFD-BM-252-161-N.jpg","Nurse"
"583","Yoghurt helps reduce food intake without feeling hungry, because it contains added fibres","5700","0","CFD-AF-213-126-N.jpg","Professor"
"425","Yoghurt keeps you active and going for longer, because it contains slow-release carbohydrates","0","30","CFD-AM-241-287-N.jpg","Cook"
"596","Yoghurt helps reduce food intake without feeling hungry, because it contains added fibres","0","30","CFD-AF-236-145-N.jpg","Social Media Health Influencer"
"38","Yoghurt helps you build resistance to common diseases, because it contains probiotics","0","30","CFD-WM-258-125-N.jpg","Professor"
"410","Yoghurt keeps you active and going for longer, because it contains slow-release carbohydrates","57","30","CFD-AM-239-147-N.jpg","Nurse"
"102","Yoghurt helps you build resistance to common diseases, because it contains probiotics","0","3600","CFD-BF-251-211-N.jpg","Cook"
"16","Yoghurt helps you build resistance to common diseases, because it contains probiotics","5700","0","CFD-WF-221-005-N.jpg","Nurse"
"322","Yoghurt keeps you active and going for longer, because it contains slow-release carbohydrates","5700","0","CFD-BF-251-211-N.jpg","Cook"
"440","Yoghurt helps reduce food intake without feeling hungry, because it contains added fibres","5700","30","CFD-WF-246-087-N.jpg","Professor"
"176","Yoghurt helps you build resistance to common diseases, because it contains probiotics","57","30","CFD-AF-238-185-N.jpg","Cook"
"592","Yoghurt helps reduce food intake without feeling hungry, because it contains added fibres","5700","0","CFD-AF-223-183-N.jpg","Nurse"
"528","Yoghurt helps reduce food intake without feeling hungry, because it contains added fibres","57","3600","CFD-BF-228-212-N.jpg","Social Media Health Influencer"
"90","Yoghurt helps you build resistance to common diseases, because it contains probiotics","5700","3600","CFD-BF-224-002-N.jpg","Nurse"
"96","Yoghurt helps you build resistance to common diseases, because it contains probiotics","57","3600","CFD-BF-228-212-N.jpg","Social Media Health Influencer"
"648","Yoghurt helps reduce food intake without feeling hungry, because it contains added fibres","5700","3600","CFD-AM-241-287-N.jpg","Cook"
"593","Yoghurt helps reduce food intake without feeling hungry, because it contains added fibres","5700","30","CFD-AF-223-183-N.jpg","Nurse"
"171","Yoghurt helps you build resistance to common diseases, because it contains probiotics","5700","3600","CFD-AF-236-145-N.jpg","Social Media Health Influencer"
"403","Yoghurt keeps you active and going for longer, because it contains slow-release carbohydrates","5700","0","CFD-AM-219-101-N.jpg","Professor"
"184","Yoghurt helps you build resistance to common diseases, because it contains probiotics","57","0","CFD-AM-219-101-N.jpg","Professor"
"202","Yoghurt helps you build resistance to common diseases, because it contains probiotics","57","0","CFD-AM-247-165-N.jpg","Social Media Health Influencer"
"216","Yoghurt helps you build resistance to common diseases, because it contains probiotics","5700","3600","CFD-AM-241-287-N.jpg","Cook"
"199","Yoghurt helps you build resistance to common diseases, because it contains probiotics","0","0","CFD-AM-247-165-N.jpg","Social Media Health Influencer"
"311","Yoghurt keeps you active and going for longer, because it contains slow-release carbohydrates","57","30","CFD-BF-228-212-N.jpg","Social Media Health Influencer"
"568","Yoghurt helps reduce food intake without feeling hungry, because it contains added fibres","0","0","CFD-BM-230-232-N.jpg","Cook"
"175","Yoghurt helps you build resistance to common diseases, because it contains probiotics","57","0","CFD-AF-238-185-N.jpg","Cook"
"522","Yoghurt helps reduce food intake without feeling hungry, because it contains added fibres","5700","3600","CFD-BF-224-002-N.jpg","Nurse"
"366","Yoghurt keeps you active and going for longer, because it contains slow-release carbohydrates","57","3600","CFD-AF-213-126-N.jpg","Professor"
"206","Yoghurt helps you build resistance to common diseases, because it contains probiotics","5700","30","CFD-AM-247-165-N.jpg","Social Media Health Influencer"
"487","Yoghurt helps reduce food intake without feeling hungry, because it contains added fibres","0","0","CFD-WM-221-091-N.jpg","Social Media Health Influencer"
"95","Yoghurt helps you build resistance to common diseases, because it contains probiotics","57","30","CFD-BF-228-212-N.jpg","Social Media Health Influencer"
"129","Yoghurt helps you build resistance to common diseases, because it contains probiotics","0","3600","CFD-BM-222-173-N.jpg","Social Media Health Influencer"
"302","Yoghurt keeps you active and going for longer, because it contains slow-release carbohydrates","57","30","CFD-BF-224-002-N.jpg","Nurse"
"125","Yoghurt helps you build resistance to common diseases, because it contains probiotics","5700","30","CFD-BM-252-161-N.jpg","Nurse"
"567","Yoghurt helps reduce food intake without feeling hungry, because it contains added fibres","5700","3600","CFD-BM-222-173-N.jpg","Social Media Health Influencer"
"237","Yoghurt keeps you active and going for longer, because it contains slow-release carbohydrates","0","3600","CFD-WF-237-067-N.jpg","Social Media Health Influencer"
"209","Yoghurt helps you build resistance to common diseases, because it contains probiotics","0","30","CFD-AM-241-287-N.jpg","Cook"
"580","Yoghurt helps reduce food intake without feeling hungry, because it contains added fibres","57","0","CFD-AF-213-126-N.jpg","Professor"
"161","Yoghurt helps you build resistance to common diseases, because it contains probiotics","5700","30","CFD-AF-223-183-N.jpg","Nurse"
"47","Yoghurt helps you build resistance to common diseases, because it contains probiotics","0","30","CFD-WM-204-031-N.jpg","Nurse"
"88","Yoghurt helps you build resistance to common diseases, because it contains probiotics","5700","0","CFD-BF-224-002-N.jpg","Nurse"
"144","Yoghurt helps you build resistance to common diseases, because it contains probiotics","5700","3600","CFD-BM-230-232-N.jpg","Cook"
"354","Yoghurt keeps you active and going for longer, because it contains slow-release carbohydrates","0","3600","CFD-BM-230-232-N.jpg","Cook"
"40","Yoghurt helps you build resistance to common diseases, because it contains probiotics","57","0","CFD-WM-258-125-N.jpg","Professor"
"43","Yoghurt helps you build resistance to common diseases, because it contains probiotics","5700","0","CFD-WM-258-125-N.jpg","Professor"
"168","Yoghurt helps you build resistance to common diseases, because it contains probiotics","57","3600","CFD-AF-236-145-N.jpg","Social Media Health Influencer"
"539","Yoghurt helps reduce food intake without feeling hungry, because it contains added fibres","5700","30","CFD-BF-251-211-N.jpg","Cook"
"449","Yoghurt helps reduce food intake without feeling hungry, because it contains added fibres","5700","30","CFD-WF-221-005-N.jpg","Nurse"
"550","Yoghurt helps reduce food intake without feeling hungry, because it contains added fibres","0","0","CFD-BM-252-161-N.jpg","Nurse"
"532","Yoghurt helps reduce food intake without feeling hungry, because it contains added fibres","0","0","CFD-BF-251-211-N.jpg","Cook"
"643","Yoghurt helps reduce food intake without feeling hungry, because it contains added fibres","57","0","CFD-AM-241-287-N.jpg","Cook"
"77","Yoghurt helps you build resistance to common diseases, because it contains probiotics","57","30","CFD-BF-202-109-N.jpg","Professor"
"489","Yoghurt helps reduce food intake without feeling hungry, because it contains added fibres","0","3600","CFD-WM-221-091-N.jpg","Social Media Health Influencer"
"151","Yoghurt helps you build resistance to common diseases, because it contains probiotics","5700","0","CFD-AF-213-126-N.jpg","Professor"
"357","Yoghurt keeps you active and going for longer, because it contains slow-release carbohydrates","57","3600","CFD-BM-230-232-N.jpg","Cook"
"267","Yoghurt keeps you active and going for longer, because it contains slow-release carbohydrates","57","3600","CFD-WM-204-031-N.jpg","Nurse"
"11","Yoghurt helps you build resistance to common diseases, because it contains probiotics","0","30","CFD-WF-221-005-N.jpg","Nurse"
"404","Yoghurt keeps you active and going for longer, because it contains slow-release carbohydrates","5700","30","CFD-AM-219-101-N.jpg","Professor"
"228","Yoghurt keeps you active and going for longer, because it contains slow-release carbohydrates","0","3600","CFD-WF-221-005-N.jpg","Nurse"
"318","Yoghurt keeps you active and going for longer, because it contains slow-release carbohydrates","0","3600","CFD-BF-251-211-N.jpg","Cook"
"453","Yoghurt helps reduce food intake without feeling hungry, because it contains added fibres","0","3600","CFD-WF-237-067-N.jpg","Social Media Health Influencer"
"398","Yoghurt keeps you active and going for longer, because it contains slow-release carbohydrates","0","30","CFD-AM-219-101-N.jpg","Professor"
"50","Yoghurt helps you build resistance to common diseases, because it contains probiotics","57","30","CFD-WM-204-031-N.jpg","Nurse"
"119","Yoghurt helps you build resistance to common diseases, because it contains probiotics","0","30","CFD-BM-252-161-N.jpg","Nurse"
"255","Yoghurt keeps you active and going for longer, because it contains slow-release carbohydrates","0","3600","CFD-WM-258-125-N.jpg","Professor"
"86","Yoghurt helps you build resistance to common diseases, because it contains probiotics","57","30","CFD-BF-224-002-N.jpg","Nurse"
"34","Yoghurt helps you build resistance to common diseases, because it contains probiotics","5700","0","CFD-WF-245-084-N.jpg","Cook"
"245","Yoghurt keeps you active and going for longer, because it contains slow-release carbohydrates","0","30","CFD-WF-245-084-N.jpg","Cook"
"295","Yoghurt keeps you active and going for longer, because it contains slow-release carbohydrates","5700","0","CFD-BF-202-109-N.jpg","Professor"
"106","Yoghurt helps you build resistance to common diseases, because it contains probiotics","5700","0","CFD-BF-251-211-N.jpg","Cook"
"186","Yoghurt helps you build resistance to common diseases, because it contains probiotics","57","3600","CFD-AM-219-101-N.jpg","Professor"
"46","Yoghurt helps you build resistance to common diseases, because it contains probiotics","0","0","CFD-WM-204-031-N.jpg","Nurse"
"450","Yoghurt helps reduce food intake without feeling hungry, because it contains added fibres","5700","3600","CFD-WF-221-005-N.jpg","Nurse"
"459","Yoghurt helps reduce food intake without feeling hungry, because it contains added fibres","5700","3600","CFD-WF-237-067-N.jpg","Social Media Health Influencer"
"507","Yoghurt helps reduce food intake without feeling hungry, because it contains added fibres","0","3600","CFD-BF-202-109-N.jpg","Professor"
"319","Yoghurt keeps you active and going for longer, because it contains slow-release carbohydrates","57","0","CFD-BF-251-211-N.jpg","Cook"
"78","Yoghurt helps you build resistance to common diseases, because it contains probiotics","57","3600","CFD-BF-202-109-N.jpg","Professor"
"503","Yoghurt helps reduce food intake without feeling hungry, because it contains added fibres","5700","30","CFD-WM-248-036-N.jpg","Cook"
"265","Yoghurt keeps you active and going for longer, because it contains slow-release carbohydrates","57","0","CFD-WM-204-031-N.jpg","Nurse"
"13","Yoghurt helps you build resistance to common diseases, because it contains probiotics","57","0","CFD-WF-221-005-N.jpg","Nurse"
"607","Yoghurt helps reduce food intake without feeling hungry, because it contains added fibres","57","0","CFD-AF-238-185-N.jpg","Cook"
"37","Yoghurt helps you build resistance to common diseases, because it contains probiotics","0","0","CFD-WM-258-125-N.jpg","Professor"
"343","Yoghurt keeps you active and going for longer, because it contains slow-release carbohydrates","0","0","CFD-BM-222-173-N.jpg","Social Media Health Influencer"
"27","Yoghurt helps you build resistance to common diseases, because it contains probiotics","5700","3600","CFD-WF-237-067-N.jpg","Social Media Health Influencer"
"158","Yoghurt helps you build resistance to common diseases, because it contains probiotics","57","30","CFD-AF-223-183-N.jpg","Nurse"
"563","Yoghurt helps reduce food intake without feeling hungry, because it contains added fibres","57","30","CFD-BM-222-173-N.jpg","Social Media Health Influencer"
"506","Yoghurt helps reduce food intake without feeling hungry, because it contains added fibres","0","30","CFD-BF-202-109-N.jpg","Professor"
"276","Yoghurt keeps you active and going for longer, because it contains slow-release carbohydrates","57","3600","CFD-WM-221-091-N.jpg","Social Media Health Influencer"
"626","Yoghurt helps reduce food intake without feeling hungry, because it contains added fibres","57","30","CFD-AM-239-147-N.jpg","Nurse"
"416","Yoghurt keeps you active and going for longer, because it contains slow-release carbohydrates","0","30","CFD-AM-247-165-N.jpg","Social Media Health Influencer"
"573","Yoghurt helps reduce food intake without feeling hungry, because it contains added fibres","57","3600","CFD-BM-230-232-N.jpg","Cook"
"153","Yoghurt helps you build resistance to common diseases, because it contains probiotics","5700","3600","CFD-AF-213-126-N.jpg","Professor"
"31","Yoghurt helps you build resistance to common diseases, because it contains probiotics","57","0","CFD-WF-245-084-N.jpg","Cook"
"396","Yoghurt keeps you active and going for longer, because it contains slow-release carbohydrates","5700","3600","CFD-AF-238-185-N.jpg","Cook"
"55","Yoghurt helps you build resistance to common diseases, because it contains probiotics","0","0","CFD-WM-221-091-N.jpg","Social Media Health Influencer"
"53","Yoghurt helps you build resistance to common diseases, because it contains probiotics","5700","30","CFD-WM-204-031-N.jpg","Nurse"
"381","Yoghurt keeps you active and going for longer, because it contains slow-release carbohydrates","0","3600","CFD-AF-236-145-N.jpg","Social Media Health Influencer"
"394","Yoghurt keeps you active and going for longer, because it contains slow-release carbohydrates","5700","0","CFD-AF-238-185-N.jpg","Cook"
"627","Yoghurt helps reduce food intake without feeling hungry, because it contains added fibres","57","3600","CFD-AM-239-147-N.jpg","Nurse"
"419","Yoghurt keeps you active and going for longer, because it contains slow-release carbohydrates","57","30","CFD-AM-247-165-N.jpg","Social Media Health Influencer"
"215","Yoghurt helps you build resistance to common diseases, because it contains probiotics","5700","30","CFD-AM-241-287-N.jpg","Cook"
"502","Yoghurt helps reduce food intake without feeling hungry, because it contains added fibres","5700","0","CFD-WM-248-036-N.jpg","Cook"
"448","Yoghurt helps reduce food intake without feeling hungry, because it contains added fibres","5700","0","CFD-WF-221-005-N.jpg","Nurse"
"605","Yoghurt helps reduce food intake without feeling hungry, because it contains added fibres","0","30","CFD-AF-238-185-N.jpg","Cook"
"122","Yoghurt helps you build resistance to common diseases, because it contains probiotics","57","30","CFD-BM-252-161-N.jpg","Nurse"
"194","Yoghurt helps you build resistance to common diseases, because it contains probiotics","57","30","CFD-AM-239-147-N.jpg","Nurse"
"623","Yoghurt helps reduce food intake without feeling hungry, because it contains added fibres","0","30","CFD-AM-239-147-N.jpg","Nurse"
"552","Yoghurt helps reduce food intake without feeling hungry, because it contains added fibres","0","3600","CFD-BM-252-161-N.jpg","Nurse"
"473","Yoghurt helps reduce food intake without feeling hungry, because it contains added fibres","57","30","CFD-WM-258-125-N.jpg","Professor"
"15","Yoghurt helps you build resistance to common diseases, because it contains probiotics","57","3600","CFD-WF-221-005-N.jpg","Nurse"
"124","Yoghurt helps you build resistance to common diseases, because it contains probiotics","5700","0","CFD-BM-252-161-N.jpg","Nurse"
"263","Yoghurt keeps you active and going for longer, because it contains slow-release carbohydrates","0","30","CFD-WM-204-031-N.jpg","Nurse"
"291","Yoghurt keeps you active and going for longer, because it contains slow-release carbohydrates","0","3600","CFD-BF-202-109-N.jpg","Professor"
"336","Yoghurt keeps you active and going for longer, because it contains slow-release carbohydrates","0","3600","CFD-BM-252-161-N.jpg","Nurse"
"247","Yoghurt keeps you active and going for longer, because it contains slow-release carbohydrates","57","0","CFD-WF-245-084-N.jpg","Cook"
"617","Yoghurt helps reduce food intake without feeling hungry, because it contains added fibres","57","30","CFD-AM-219-101-N.jpg","Professor"
"456","Yoghurt helps reduce food intake without feeling hungry, because it contains added fibres","57","3600","CFD-WF-237-067-N.jpg","Social Media Health Influencer"
"615","Yoghurt helps reduce food intake without feeling hungry, because it contains added fibres","0","3600","CFD-AM-219-101-N.jpg","Professor"
"501","Yoghurt helps reduce food intake without feeling hungry, because it contains added fibres","57","3600","CFD-WM-248-036-N.jpg","Cook"
"388","Yoghurt keeps you active and going for longer, because it contains slow-release carbohydrates","0","0","CFD-AF-238-185-N.jpg","Cook"
"334","Yoghurt keeps you active and going for longer, because it contains slow-release carbohydrates","0","0","CFD-BM-252-161-N.jpg","Nurse"
"462","Yoghurt helps reduce food intake without feeling hungry, because it contains added fibres","0","3600","CFD-WF-245-084-N.jpg","Cook"
"26","Yoghurt helps you build resistance to common diseases, because it contains probiotics","5700","30","CFD-WF-237-067-N.jpg","Social Media Health Influencer"
"304","Yoghurt keeps you active and going for longer, because it contains slow-release carbohydrates","5700","0","CFD-BF-224-002-N.jpg","Nurse"
"467","Yoghurt helps reduce food intake without feeling hungry, because it contains added fibres","5700","30","CFD-WF-245-084-N.jpg","Cook"
"23","Yoghurt helps you build resistance to common diseases, because it contains probiotics","57","30","CFD-WF-237-067-N.jpg","Social Media Health Influencer"
"355","Yoghurt keeps you active and going for longer, because it contains slow-release carbohydrates","57","0","CFD-BM-230-232-N.jpg","Cook"
"239","Yoghurt keeps you active and going for longer, because it contains slow-release carbohydrates","57","30","CFD-WF-237-067-N.jpg","Social Media Health Influencer"
"197","Yoghurt helps you build resistance to common diseases, because it contains probiotics","5700","30","CFD-AM-239-147-N.jpg","Nurse"
"484","Yoghurt helps reduce food intake without feeling hungry, because it contains added fibres","5700","0","CFD-WM-204-031-N.jpg","Nurse"
"405","Yoghurt keeps you active and going for longer, because it contains slow-release carbohydrates","5700","3600","CFD-AM-219-101-N.jpg","Professor"
"469","Yoghurt helps reduce food intake without feeling hungry, because it contains added fibres","0","0","CFD-WM-258-125-N.jpg","Professor"
"452","Yoghurt helps reduce food intake without feeling hungry, because it contains added fibres","0","30","CFD-WF-237-067-N.jpg","Social Media Health Influencer"
"5","Yoghurt helps you build resistance to common diseases, because it contains probiotics","57","30","CFD-WF-246-087-N.jpg","Professor"
"363","Yoghurt keeps you active and going for longer, because it contains slow-release carbohydrates","0","3600","CFD-AF-213-126-N.jpg","Professor"
"531","Yoghurt helps reduce food intake without feeling hungry, because it contains added fibres","5700","3600","CFD-BF-228-212-N.jpg","Social Media Health Influencer"
"8","Yoghurt helps you build resistance to common diseases, because it contains probiotics","5700","30","CFD-WF-246-087-N.jpg","Professor"
"25","Yoghurt helps you build resistance to common diseases, because it contains probiotics","5700","0","CFD-WF-237-067-N.jpg","Social Media Health Influencer"
"3","Yoghurt helps you build resistance to common diseases, because it contains probiotics","0","3600","CFD-WF-246-087-N.jpg","Professor"
"383","Yoghurt keeps you active and going for longer, because it contains slow-release carbohydrates","57","30","CFD-AF-236-145-N.jpg","Social Media Health Influencer"
"269","Yoghurt keeps you active and going for longer, because it contains slow-release carbohydrates","5700","30","CFD-WM-204-031-N.jpg","Nurse"
"112","Yoghurt helps you build resistance to common diseases, because it contains probiotics","57","0","CFD-BM-033-003-N.jpg","Professor"
"619","Yoghurt helps reduce food intake without feeling hungry, because it contains added fibres","5700","0","CFD-AM-219-101-N.jpg","Professor"
"510","Yoghurt helps reduce food intake without feeling hungry, because it contains added fibres","57","3600","CFD-BF-202-109-N.jpg","Professor"
"628","Yoghurt helps reduce food intake without feeling hungry, because it contains added fibres","5700","0","CFD-AM-239-147-N.jpg","Nurse"
"421","Yoghurt keeps you active and going for longer, because it contains slow-release carbohydrates","5700","0","CFD-AM-247-165-N.jpg","Social Media Health Influencer"
"360","Yoghurt keeps you active and going for longer, because it contains slow-release carbohydrates","5700","3600","CFD-BM-230-232-N.jpg","Cook"
"279","Yoghurt keeps you active and going for longer, because it contains slow-release carbohydrates","5700","3600","CFD-WM-221-091-N.jpg","Social Media Health Influencer"
"57","Yoghurt helps you build resistance to common diseases, because it contains probiotics","0","3600","CFD-WM-221-091-N.jpg","Social Media Health Influencer"
"426","Yoghurt keeps you active and going for longer, because it contains slow-release carbohydrates","0","3600","CFD-AM-241-287-N.jpg","Cook"
"264","Yoghurt keeps you active and going for longer, because it contains slow-release carbohydrates","0","3600","CFD-WM-204-031-N.jpg","Nurse"
"230","Yoghurt keeps you active and going for longer, because it contains slow-release carbohydrates","57","30","CFD-WF-221-005-N.jpg","Nurse"
"368","Yoghurt keeps you active and going for longer, because it contains slow-release carbohydrates","5700","30","CFD-AF-213-126-N.jpg","Professor"
"535","Yoghurt helps reduce food intake without feeling hungry, because it contains added fibres","57","0","CFD-BF-251-211-N.jpg","Cook"
"549","Yoghurt helps reduce food intake without feeling hungry, because it contains added fibres","5700","3600","CFD-BM-033-003-N.jpg","Professor"
"268","Yoghurt keeps you active and going for longer, because it contains slow-release carbohydrates","5700","0","CFD-WM-204-031-N.jpg","Nurse"
"174","Yoghurt helps you build resistance to common diseases, because it contains probiotics","0","3600","CFD-AF-238-185-N.jpg","Cook"
"497","Yoghurt helps reduce food intake without feeling hungry, because it contains added fibres","0","30","CFD-WM-248-036-N.jpg","Cook"
"429","Yoghurt keeps you active and going for longer, because it contains slow-release carbohydrates","57","3600","CFD-AM-241-287-N.jpg","Cook"